,Player_URL
0,/players/m/milleda02.shtml
1,/players/g/gracema01.shtml
2,/players/b/bellja01.shtml
3,/players/w/womacto01.shtml
4,/players/w/willima04.shtml
5,/players/g/gonzalu01.shtml
6,/players/f/finlest01.shtml
7,/players/s/sandere02.shtml
8,/players/c/counscr01.shtml
9,/players/d/delluda01.shtml
10,/players/b/bautida01.shtml
11,/players/d/durazer01.shtml
12,/players/s/spiveju01.shtml
13,/players/b/barajro01.shtml
14,/players/c/colbrgr01.shtml
15,/players/m/moellch01.shtml
16,/players/d/difelmi01.shtml
17,/players/c/cummimi01.shtml
18,/players/c/cintral01.shtml
19,/players/c/contija01.shtml
20,/players/m/mccraqu01.shtml
21,/players/g/guilljo01.shtml
22,/players/d/donnech01.shtml
23,/players/l/littlma01.shtml
24,/players/o/overbly01.shtml
25,/players/h/hillesh02.shtml
26,/players/k/katama01.shtml
27,/players/b/baergca01.shtml
28,/players/h/hammoro01.shtml
29,/players/m/mondera01.shtml
30,/players/j/josefe01.shtml
31,/players/b/britoju01.shtml
32,/players/h/hairssc01.shtml
33,/players/t/tracych01.shtml
34,/players/t/terrelu01.shtml
35,/players/a/alomaro01.shtml
36,/players/g/greenan01.shtml
37,/players/o/olsonti01.shtml
38,/players/d/devordo01.shtml
39,/players/m/maynebr01.shtml
40,/players/s/snydech02.shtml
41,/players/s/sexsori01.shtml
42,/players/c/claytro01.shtml
43,/players/g/glaustr01.shtml
44,/players/g/greensh01.shtml
45,/players/c/clarkto02.shtml
46,/players/c/cruzjo02.shtml
47,/players/s/stinnke01.shtml
48,/players/j/jacksco01.shtml
49,/players/h/hillko01.shtml
50,/players/w/webbbr01.shtml
51,/players/v/vazquja01.shtml
52,/players/e/estrajo01.shtml
53,/players/h/hudsoor01.shtml
54,/players/b/byrneer01.shtml
55,/players/d/davanje02.shtml
56,/players/d/drewst01.shtml
57,/players/e/easleda01.shtml
58,/players/q/quentca01.shtml
59,/players/y/youngch04.shtml
60,/players/c/callaal01.shtml
61,/players/m/montemi01.shtml
62,/players/r/reynoma01.shtml
63,/players/u/uptonju01.shtml
64,/players/o/ojedaau01.shtml
65,/players/s/salazje01.shtml
66,/players/c/cirilje01.shtml
67,/players/b/bonifem01.shtml
68,/players/b/burkech01.shtml
69,/players/d/dunnad01.shtml
70,/players/r/romeral01.shtml
71,/players/e/eckstda01.shtml
72,/players/d/dantoja01.shtml
73,/players/l/lopezfe01.shtml
74,/players/p/parrage01.shtml
75,/players/r/roberry01.shtml
76,/players/w/whitejo03.shtml
77,/players/a/allenbr01.shtml
78,/players/o/oeltjtr01.shtml
79,/players/r/ryalru01.shtml
80,/players/w/wilsojo03.shtml
81,/players/l/larocad01.shtml
82,/players/j/johnske05.shtml
83,/players/a/abreuto01.shtml
84,/players/g/gilleco01.shtml
85,/players/h/hestejo01.shtml
86,/players/c/churcry01.shtml
87,/players/c/crosbbo01.shtml
88,/players/s/schmiko01.shtml
89,/players/m/miranju01.shtml
90,/players/b/bloomwi01.shtml
91,/players/n/nadyxa01.shtml
92,/players/g/goldspa01.shtml
93,/players/h/hillaa01.shtml
94,/players/m/morame01.shtml
95,/players/b/burrose01.shtml
96,/players/b/blanche01.shtml
97,/players/c/cowgico01.shtml
98,/players/b/branyru01.shtml
99,/players/m/mcdonjo03.shtml
100,/players/b/blumge01.shtml
101,/players/k/kubelja01.shtml
102,/players/j/johnsch05.shtml
103,/players/w/wheelry01.shtml
104,/players/e/eatonad02.shtml
105,/players/p/polloaj01.shtml
106,/players/r/ransoco01.shtml
107,/players/e/elmorja01.shtml
108,/players/b/belljo01.shtml
109,/players/g/gregodi01.shtml
110,/players/p/pradoma01.shtml
111,/players/r/rossco01.shtml
112,/players/p/pennicl01.shtml
113,/players/c/chaveer01.shtml
114,/players/n/nievewi01.shtml
115,/players/d/davidma02.shtml
116,/players/o/owingch01.shtml
117,/players/h/hinsker01.shtml
118,/players/c/campato01.shtml
119,/players/m/marteal01.shtml
120,/players/t/trumbma01.shtml
121,/players/i/inciaen01.shtml
122,/players/p/peralda01.shtml
123,/players/l/lambja01.shtml
124,/players/g/gosewtu01.shtml
125,/players/p/pachejo01.shtml
126,/players/a/ahmedni01.shtml
127,/players/c/castiwe01.shtml
128,/players/t/tomasya01.shtml
129,/players/s/saltaja01.shtml
130,/players/g/gosseph01.shtml
131,/players/d/drurybr01.shtml
132,/players/h/hernaos01.shtml
133,/players/b/britoso01.shtml
134,/players/d/dornda01.shtml
135,/players/s/segurje01.shtml
136,/players/b/bournmi01.shtml
137,/players/w/weeksri01.shtml
138,/players/h/herrmch01.shtml
139,/players/h/hanigmi01.shtml
140,/players/o/obriepe01.shtml
141,/players/j/jenseky01.shtml
142,/players/i/iannech01.shtml
143,/players/m/marteke01.shtml
144,/players/d/descada01.shtml
145,/players/m/martijd02.shtml
146,/players/b/blancgr01.shtml
147,/players/m/mathije01.shtml
148,/players/f/fuentre01.shtml
149,/players/r/rosalad01.shtml
150,/players/h/hazelje01.shtml
151,/players/n/negrokr01.shtml
152,/players/w/walkech02.shtml
153,/players/s/souzast01.shtml
154,/players/j/jayjo02.shtml
155,/players/d/dysonja01.shtml
156,/players/a/avilaal01.shtml
157,/players/e/escobed01.shtml
158,/players/m/murphjr01.shtml
159,/players/m/marrede01.shtml
160,/players/v/vargail01.shtml
161,/players/k/kivlepa01.shtml
162,/players/k/kellyca02.shtml
163,/players/f/florewi01.shtml
164,/players/j/jonesad01.shtml
165,/players/l/locasti01.shtml
166,/players/r/rojasjo01.shtml
167,/players/c/cronke01.shtml
168,/players/s/swihabl01.shtml
169,/players/j/josepca01.shtml
170,/players/a/almonab01.shtml
171,/players/l/leybado01.shtml
172,/players/m/martest01.shtml
173,/players/c/calhoko01.shtml
174,/players/v/varshda01.shtml
175,/players/v/vogtst01.shtml
176,/players/s/smithpa04.shtml
177,/players/v/vanmejo01.shtml
178,/players/y/youngan02.shtml
179,/players/m/mathiwy01.shtml
180,/players/l/lopezja01.shtml
181,/players/b/brognri01.shtml
182,/players/v/verasqu01.shtml
183,/players/f/furcara02.shtml
184,/players/j/jonesch06.shtml
185,/players/s/surhob.01.shtml
186,/players/j/jonesan01.shtml
187,/players/j/jordabr01.shtml
188,/players/g/gilesma01.shtml
189,/players/m/martida01.shtml
190,/players/h/helmswe01.shtml
191,/players/l/lockhke01.shtml
192,/players/c/caminke01.shtml
193,/players/d/derosma01.shtml
194,/players/s/sanchre01.shtml
195,/players/b/bakopa01.shtml
196,/players/g/gilkebe01.shtml
197,/players/f/francju01.shtml
198,/players/p/perezed02.shtml
199,/players/a/abbotku01.shtml
200,/players/c/castivi02.shtml
201,/players/s/sheffga01.shtml
202,/players/b/braggda01.shtml
203,/players/f/francma01.shtml
204,/players/g/garcije01.shtml
205,/players/t/torrest01.shtml
206,/players/l/langery01.shtml
207,/players/g/glavito02.shtml
208,/players/m/millwke01.shtml
209,/players/f/fickro01.shtml
210,/players/h/hessmmi01.shtml
211,/players/o/ortizru01.shtml
212,/players/m/maddugr01.shtml
213,/players/h/hamptmi01.shtml
214,/players/t/thomach01.shtml
215,/players/d/drewj.01.shtml
216,/players/g/greenni01.shtml
217,/players/m/marreel01.shtml
218,/players/w/wisede01.shtml
219,/players/b/betemwi01.shtml
220,/players/h/hollida02.shtml
221,/players/t/thomsjo01.shtml
222,/players/f/francje02.shtml
223,/players/m/mccanbr01.shtml
224,/players/o/orrpe01.shtml
225,/players/m/martean01.shtml
226,/players/h/hollato01.shtml
227,/players/p/penabr01.shtml
228,/players/s/smoltjo01.shtml
229,/players/r/renteed01.shtml
230,/players/d/diazma02.shtml
231,/players/p/prattto02.shtml
232,/players/t/thormsc01.shtml
233,/players/a/aybarwi01.shtml
234,/players/p/penato02.shtml
235,/players/w/wardda01.shtml
236,/players/h/harriwi02.shtml
237,/players/e/escobyu01.shtml
238,/players/t/teixema01.shtml
239,/players/w/woodwch01.shtml
240,/players/w/wilsocr03.shtml
241,/players/m/milleco01.shtml
242,/players/k/kotsama01.shtml
243,/players/i/infanom01.shtml
244,/players/n/nortogr01.shtml
245,/players/k/kotchca01.shtml
246,/players/a/anderjo03.shtml
247,/players/j/jonesbr02.shtml
248,/players/g/gotayru01.shtml
249,/players/l/lillibr01.shtml
250,/players/s/sammocl01.shtml
251,/players/p/perryja01.shtml
252,/players/a/anderga01.shtml
253,/players/m/mclouna01.shtml
254,/players/s/schafjo02.shtml
255,/players/r/rossda01.shtml
256,/players/h/hernadi01.shtml
257,/players/c/conrabr01.shtml
258,/players/g/gorecre01.shtml
259,/players/c/cabreme01.shtml
260,/players/h/heywaja01.shtml
261,/players/g/gonzaal02.shtml
262,/players/l/leede02.shtml
263,/players/a/ankieri01.shtml
264,/players/f/freemfr01.shtml
265,/players/h/hicksbr01.shtml
266,/players/u/ugglada01.shtml
267,/players/c/constjo01.shtml
268,/players/m/mathejo02.shtml
269,/players/y/youngma02.shtml
270,/players/l/lugoju01.shtml
271,/players/w/wilsoja02.shtml
272,/players/j/janispa01.shtml
273,/players/f/francju02.shtml
274,/players/p/pastoty01.shtml
275,/players/s/simmoan01.shtml
276,/players/j/johnsre02.shtml
277,/players/b/bakerje03.shtml
278,/players/b/boscajc01.shtml
279,/players/u/uptonbj01.shtml
280,/players/g/gattiev01.shtml
281,/players/l/lairdge01.shtml
282,/players/p/penara02.shtml
283,/players/j/johnsel02.shtml
284,/players/t/terdojo01.shtml
285,/players/c/cunnito01.shtml
286,/players/l/lasteto01.shtml
287,/players/d/doumiry01.shtml
288,/players/b/bethach01.shtml
289,/players/t/teherju01.shtml
290,/players/p/pierza.01.shtml
291,/players/p/peterja01.shtml
292,/players/g/garciad01.shtml
293,/players/g/gomesjo01.shtml
294,/players/m/maybica01.shtml
295,/players/m/markani01.shtml
296,/players/u/uribeju01.shtml
297,/players/c/ciriape01.shtml
298,/players/s/swishni01.shtml
299,/players/p/perezeu01.shtml
300,/players/c/castrda01.shtml
301,/players/o/olivehe01.shtml
302,/players/f/flowety01.shtml
303,/players/a/aybarer01.shtml
304,/players/k/kempma01.shtml
305,/players/b/beckhgo01.shtml
306,/players/d/darnach01.shtml
307,/players/s/smithma05.shtml
308,/players/s/swansda01.shtml
309,/players/r/reckean01.shtml
310,/players/s/snydebr03.shtml
311,/players/s/stubbdr01.shtml
312,/players/p/phillbr01.shtml
313,/players/a/adamsma01.shtml
314,/players/s/suzukku01.shtml
315,/players/c/camarjo01.shtml
316,/players/a/albieoz01.shtml
317,/players/r/ruizri01.shtml
318,/players/s/santada01.shtml
319,/players/a/adamsla01.shtml
320,/players/r/rodrise01.shtml
321,/players/f/freitda01.shtml
322,/players/j/johnsmi04.shtml
323,/players/a/acunaro01.shtml
324,/players/c/culbech01.shtml
325,/players/f/flahery01.shtml
326,/players/t/tuckepr01.shtml
327,/players/d/duvalad01.shtml
328,/players/b/bourjpe01.shtml
329,/players/b/bautijo02.shtml
330,/players/d/dudalu01.shtml
331,/players/p/perezca02.shtml
332,/players/s/stewach01.shtml
333,/players/d/donaljo02.shtml
334,/players/r/rileyau01.shtml
335,/players/j/joycema01.shtml
336,/players/o/ortegra01.shtml
337,/players/h/hechaad01.shtml
338,/players/h/hamilbi02.shtml
339,/players/c/cervefr01.shtml
340,/players/j/jacksal02.shtml
341,/players/d/darnatr01.shtml
342,/players/o/ozunama01.shtml
343,/players/c/contrwi02.shtml
344,/players/p/pachecr01.shtml
345,/players/s/sandopa01.shtml
346,/players/s/schebsc01.shtml
347,/players/f/fordybr01.shtml
348,/players/c/coninje01.shtml
349,/players/h/hairsje02.shtml
350,/players/b/bordimi01.shtml
351,/players/r/ripkeca01.shtml
352,/players/d/deshide01.shtml
353,/players/a/anderbr01.shtml
354,/players/b/batisto01.shtml
355,/players/r/richach01.shtml
356,/players/s/seguida01.shtml
357,/players/r/roberbr01.shtml
358,/players/g/gibboja01.shtml
359,/players/l/lunarfe01.shtml
360,/players/k/kinkami01.shtml
361,/players/b/bigbila01.shtml
362,/players/m/matoslu01.shtml
363,/players/m/myersgr01.shtml
364,/players/g/gilge01.shtml
365,/players/r/raineti02.shtml
366,/players/c/cordoma01.shtml
367,/players/s/singlch01.shtml
368,/players/m/matthga02.shtml
369,/players/l/lopezlu02.shtml
370,/players/l/leonjo01.shtml
371,/players/c/clarkho02.shtml
372,/players/m/mcguiry01.shtml
373,/players/c/cruzde01.shtml
374,/players/c/custja01.shtml
375,/players/m/morbajo01.shtml
376,/players/m/macharo01.shtml
377,/players/m/mendeca01.shtml
378,/players/p/palmera01.shtml
379,/players/t/tejadmi01.shtml
380,/players/n/newhada01.shtml
381,/players/g/garcika01.shtml
382,/players/m/mcdonda02.shtml
383,/players/o/osikke01.shtml
384,/players/s/sosasa01.shtml
385,/players/g/gomezch02.shtml
386,/players/f/fasansa01.shtml
387,/players/c/castrbe01.shtml
388,/players/f/freiral01.shtml
389,/players/f/fioreje01.shtml
390,/players/y/youngwa01.shtml
391,/players/h/hernara02.shtml
392,/players/m/millake01.shtml
393,/players/p/patteco01.shtml
394,/players/f/faheybr01.shtml
395,/players/t/tatisfe01.shtml
396,/players/c/chavera01.shtml
397,/players/r/rogered01.shtml
398,/players/w/widgech01.shtml
399,/players/p/paytoja01.shtml
400,/players/h/huffau01.shtml
401,/players/r/redmaju01.shtml
402,/players/b/bynumfr01.shtml
403,/players/h/hernalu01.shtml
404,/players/m/mooresc02.shtml
405,/players/h/housejr01.shtml
406,/players/c/castial01.shtml
407,/players/k/knottjo02.shtml
408,/players/c/castrju01.shtml
409,/players/s/scottlu01.shtml
410,/players/q/quirogu01.shtml
411,/players/m/montalu01.shtml
412,/players/s/salazos01.shtml
413,/players/s/santoom01.shtml
414,/players/t/torreei01.shtml
415,/players/w/wietema01.shtml
416,/players/i/izturce01.shtml
417,/players/r/reimono01.shtml
418,/players/w/wiggity01.shtml
419,/players/p/piefe01.shtml
420,/players/a/andinro01.shtml
421,/players/z/zaungr01.shtml
422,/players/a/aubremi01.shtml
423,/players/t/turneju01.shtml
424,/players/f/freelry01.shtml
425,/players/a/atkinga01.shtml
426,/players/t/tatumcr01.shtml
427,/players/f/foxja02.shtml
428,/players/h/hugherh01.shtml
429,/players/h/hardyjj01.shtml
430,/players/g/guerrvl01.shtml
431,/players/d/davisch02.shtml
432,/players/a/adamsry01.shtml
433,/players/a/anglema01.shtml
434,/players/d/davisbl01.shtml
435,/players/m/machama01.shtml
436,/players/c/chaveen01.shtml
437,/players/t/thomeji01.shtml
438,/players/q/quintom01.shtml
439,/players/a/averyxa01.shtml
440,/players/j/johnsni01.shtml
441,/players/p/pearcst01.shtml
442,/players/f/fordle01.shtml
443,/players/t/tollest01.shtml
444,/players/v/valenda01.shtml
445,/players/c/casilal01.shtml
446,/players/d/dickech01.shtml
447,/players/t/teagata01.shtml
448,/players/u/urruthe01.shtml
449,/players/n/navarya01.shtml
450,/players/m/morsemi01.shtml
451,/players/i/ishiktr01.shtml
452,/players/s/schoojo01.shtml
453,/players/l/loughda01.shtml
454,/players/c/cruzne02.shtml
455,/players/y/youngde03.shtml
456,/players/h/hundlni01.shtml
457,/players/c/clevest01.shtml
458,/players/d/deazaal01.shtml
459,/players/l/lombast02.shtml
460,/players/p/paredji01.shtml
461,/players/s/snidetr01.shtml
462,/players/c/cabreev01.shtml
463,/players/p/parmech01.shtml
464,/players/k/kimhy01.shtml
465,/players/a/alvarpe01.shtml
466,/players/r/rickajo01.shtml
467,/players/p/penafr01.shtml
468,/players/m/mancitr01.shtml
469,/players/b/borboju01.shtml
470,/players/s/smithse01.shtml
471,/players/b/beckhti01.shtml
472,/players/t/tejadru01.shtml
473,/players/g/gentrcr01.shtml
474,/players/h/haysau01.shtml
475,/players/s/santaan02.shtml
476,/players/n/nunezre01.shtml
477,/players/v/villajo01.shtml
478,/players/m/mullice01.shtml
479,/players/s/siscoch01.shtml
480,/players/w/wynnsau01.shtml
481,/players/a/andrejo03.shtml
482,/players/s/severpe01.shtml
483,/players/m/martiri01.shtml
484,/players/s/smithdw02.shtml
485,/players/w/wilkest01.shtml
486,/players/a/alberha01.shtml
487,/players/s/stewadj01.shtml
488,/players/b/broxtke01.shtml
489,/players/s/sucreje01.shtml
490,/players/v/velazan01.shtml
491,/players/m/mountry01.shtml
492,/players/i/iglesjo01.shtml
493,/players/v/valaipa01.shtml
494,/players/h/holadbr01.shtml
495,/players/u/uriasra01.shtml
496,/players/w/willima10.shtml
497,/players/h/herredi01.shtml
498,/players/k/klinebr01.shtml
499,/players/h/hattesc01.shtml
500,/players/d/daubabr01.shtml
501,/players/o/offerjo01.shtml
502,/players/l/lansimi01.shtml
503,/players/o/o'leatr01.shtml
504,/players/e/evereca01.shtml
505,/players/n/nixontr01.shtml
506,/players/r/ramirma02.shtml
507,/players/b/bicheda01.shtml
508,/players/s/stynech01.shtml
509,/players/v/varitja01.shtml
510,/players/l/lewisda01.shtml
511,/players/m/mirabdo01.shtml
512,/players/m/merlolo01.shtml
513,/players/g/garcino01.shtml
514,/players/v/valenjo02.shtml
515,/players/p/pickeca01.shtml
516,/players/g/grebecr01.shtml
517,/players/a/alcanis01.shtml
518,/players/d/damonjo01.shtml
519,/players/h/henderi01.shtml
520,/players/f/floydcl01.shtml
521,/players/a/agbaybe01.shtml
522,/players/n/nelsobr01.shtml
523,/players/s/sanchfr01.shtml
524,/players/a/andresh01.shtml
525,/players/d/diazju01.shtml
526,/players/w/walketo04.shtml
527,/players/m/muellbi02.shtml
528,/players/o/ortizda01.shtml
529,/players/k/kaplega01.shtml
530,/players/j/jacksda04.shtml
531,/players/g/giambje01.shtml
532,/players/m/mccarda01.shtml
533,/players/a/abadan01.shtml
534,/players/b/brownad01.shtml
535,/players/h/haselbi01.shtml
536,/players/b/bellhma01.shtml
537,/players/r/reesepo01.shtml
538,/players/y/youklke01.shtml
539,/players/c/cabreor01.shtml
540,/players/m/mientdo01.shtml
541,/players/r/roberda07.shtml
542,/players/c/crespce01.shtml
543,/players/g/gutieri01.shtml
544,/players/g/graffto01.shtml
545,/players/o/olerujo01.shtml
546,/players/c/coraal01.shtml
547,/players/v/vazqura01.shtml
548,/players/p/petagro01.shtml
549,/players/h/hyzduad01.shtml
550,/players/s/sternad01.shtml
551,/players/l/loretma01.shtml
552,/players/l/lowelmi01.shtml
553,/players/c/crispco01.shtml
554,/players/p/penawi01.shtml
555,/players/p/pedrodu01.shtml
556,/players/s/snowj.01.shtml
557,/players/m/mohrdu01.shtml
558,/players/p/penaca01.shtml
559,/players/e/ellsbja01.shtml
560,/players/k/kieltbo01.shtml
561,/players/c/cashke01.shtml
562,/players/m/mossbr01.shtml
563,/players/b/baileje01.shtml
564,/players/m/murphda07.shtml
565,/players/l/lowrije01.shtml
566,/players/c/caseyse01.shtml
567,/players/b/bayja01.shtml
568,/players/c/cartech01.shtml
569,/players/v/vanevjo01.shtml
570,/players/m/martivi01.shtml
571,/players/b/baldero01.shtml
572,/players/k/kottage01.shtml
573,/players/r/reddijo01.shtml
574,/players/a/anderbr03.shtml
575,/players/s/scutama01.shtml
576,/players/b/beltrad01.shtml
577,/players/n/navada01.shtml
578,/players/h/hallbi03.shtml
579,/players/c/camermi01.shtml
580,/players/k/kalisry01.shtml
581,/players/h/hermije01.shtml
582,/players/p/patteer01.shtml
583,/players/g/gonzaad01.shtml
584,/players/c/crawfca02.shtml
585,/players/a/avilemi01.shtml
586,/players/s/suttodr01.shtml
587,/players/l/lavarry01.shtml
588,/players/m/middlwi01.shtml
589,/players/s/sweenry01.shtml
590,/players/p/podsesc01.shtml
591,/players/s/shoppke01.shtml
592,/players/p/puntoni01.shtml
593,/players/g/gomezma01.shtml
594,/players/l/loneyja01.shtml
595,/players/b/byrdma01.shtml
596,/players/n/napolmi01.shtml
597,/players/v/victosh01.shtml
598,/players/c/carpmi01.shtml
599,/players/b/bradlja02.shtml
600,/players/h/holtbr01.shtml
601,/players/b/bogaexa01.shtml
602,/players/c/cespeyo01.shtml
603,/players/b/bettsmo01.shtml
604,/players/s/sizemgr01.shtml
605,/players/v/vazquch01.shtml
606,/players/c/craigal01.shtml
607,/players/h/herrejo03.shtml
608,/players/r/ramirha01.shtml
609,/players/c/castiru02.shtml
610,/players/s/shawtr01.shtml
611,/players/h/hanigry01.shtml
612,/players/l/leonsa01.shtml
613,/players/r/rutlejo01.shtml
614,/players/b/beninan01.shtml
615,/players/b/brentbr01.shtml
616,/players/h/hernama02.shtml
617,/players/m/moncayo01.shtml
618,/players/m/morelmi01.shtml
619,/players/d/deverra01.shtml
620,/players/n/nunezed02.shtml
621,/players/t/travisa01.shtml
622,/players/l/lintz02.shtml
623,/players/d/davisra01.shtml
624,/players/k/kinslia01.shtml
625,/players/b/butleda01.shtml
626,/players/c/chavimi01.shtml
627,/players/h/hernago01.shtml
628,/players/p/perazjo01.shtml
629,/players/v/verdual01.shtml
630,/players/p/pillake01.shtml
631,/players/d/dalbebo01.shtml
632,/players/p/plaweke01.shtml
633,/players/a/arauzjo01.shtml
634,/players/a/arroych01.shtml
635,/players/m/munozya01.shtml
636,/players/p/puellce01.shtml
637,/players/g/grullde01.shtml
638,/players/l/lucrojo01.shtml
639,/players/h/hundlto01.shtml
640,/players/s/stairma01.shtml
641,/players/y/younger01.shtml
642,/players/c/coomero01.shtml
643,/players/w/whitero02.shtml
644,/players/g/girarjo01.shtml
645,/players/t/tuckemi01.shtml
646,/players/m/mcgrifr01.shtml
647,/players/c/cairomi01.shtml
648,/players/z/zuletju01.shtml
649,/players/b/brownro02.shtml
650,/players/b/buforda01.shtml
651,/players/g/gonzaal01.shtml
652,/players/a/aloumo01.shtml
653,/players/h/hillbo01.shtml
654,/players/e/echevan01.shtml
655,/players/c/choihe01.shtml
656,/players/h/hermach01.shtml
657,/players/o/orieke01.shtml
658,/players/k/karroer01.shtml
659,/players/g/grudzma01.shtml
660,/players/r/ramirar01.shtml
661,/players/m/martira03.shtml
662,/players/l/loftoke01.shtml
663,/players/g/goodwto01.shtml
664,/players/h/harrile01.shtml
665,/players/s/simonra01.shtml
666,/players/h/hernajo01.shtml
667,/players/g/glanvdo01.shtml
668,/players/b/barremi01.shtml
669,/players/m/maciajo01.shtml
670,/players/p/perezne01.shtml
671,/players/o/ordonre01.shtml
672,/players/d/duboija01.shtml
673,/players/g/grievbe01.shtml
674,/players/b/burnije01.shtml
675,/players/m/murtoma01.shtml
676,/players/c/cedenro02.shtml
677,/players/l/lawtoma02.shtml
678,/players/w/wilsoen01.shtml
679,/players/g/gerutjo01.shtml
680,/players/m/mcclasc01.shtml
681,/players/p/pierrju01.shtml
682,/players/j/jonesja05.shtml
683,/players/m/mabryjo01.shtml
684,/players/n/nevinph01.shtml
685,/players/p/paganan01.shtml
686,/players/t/theriry01.shtml
687,/players/s/sotoge01.shtml
688,/players/s/soriaal01.shtml
689,/players/f/fontemi01.shtml
690,/players/k/kendaja01.shtml
691,/players/m/monrocr01.shtml
692,/players/e/edmonji01.shtml
693,/players/f/fukudko01.shtml
694,/players/h/hoffpmi01.shtml
695,/players/m/mcgehca01.shtml
696,/players/z/zambrca01.shtml
697,/players/b/bradlmi01.shtml
698,/players/m/milesaa01.shtml
699,/players/b/blancan01.shtml
700,/players/s/scalebo01.shtml
701,/players/f/fuldsa01.shtml
702,/players/c/colvity01.shtml
703,/players/g/gathrjo01.shtml
704,/players/c/castrst01.shtml
705,/players/d/dewitbl01.shtml
706,/players/b/barneda01.shtml
707,/players/s/snydebr02.shtml
708,/players/l/lahaibr01.shtml
709,/players/l/lemahdj01.shtml
710,/players/r/rizzoan01.shtml
711,/players/v/valbulu01.shtml
712,/players/d/dejesda01.shtml
713,/players/s/stewaia01.shtml
714,/players/j/jacksbr01.shtml
715,/players/v/vittejo01.shtml
716,/players/s/sappeda01.shtml
717,/players/c/cardead01.shtml
718,/players/s/schiena01.shtml
719,/players/n/navardi01.shtml
720,/players/l/lakeju01.shtml
721,/players/m/murphdo01.shtml
722,/players/b/bogusbr01.shtml
723,/players/w/watkilo01.shtml
724,/players/c/coghlch01.shtml
725,/players/a/alcanar01.shtml
726,/players/o/oltmi01.shtml
727,/players/r/ruggiju01.shtml
728,/players/b/baezja01.shtml
729,/players/b/bakerjo01.shtml
730,/players/v/valaich01.shtml
731,/players/s/solerjo01.shtml
732,/players/s/szczuma01.shtml
733,/players/r/russead02.shtml
734,/players/b/bryankr01.shtml
735,/players/f/fowlede01.shtml
736,/players/s/schwaky01.shtml
737,/players/d/denorch01.shtml
738,/players/j/jacksau01.shtml
739,/players/b/baxtemi01.shtml
740,/players/z/zobribe01.shtml
741,/players/c/contrwi01.shtml
742,/players/a/almoral01.shtml
743,/players/f/federti01.shtml
744,/players/k/kawasmu01.shtml
745,/players/c/candeje01.shtml
746,/players/h/happia01.shtml
747,/players/c/caratvi01.shtml
748,/players/r/riverre01.shtml
749,/players/f/freemmi01.shtml
750,/players/z/zagunma01.shtml
751,/players/b/boteda01.shtml
752,/players/m/murphda08.shtml
753,/players/g/gimench01.shtml
754,/players/n/navaref01.shtml
755,/players/d/davista01.shtml
756,/players/g/gorete01.shtml
757,/players/c/casteni01.shtml
758,/players/k/kempto01.shtml
759,/players/h/hoernni01.shtml
760,/players/g/garciro02.shtml
761,/players/g/gonzaca01.shtml
762,/players/k/kipnija01.shtml
763,/players/m/martijo08.shtml
764,/players/p/phegljo01.shtml
765,/players/p/perezhe01.shtml
766,/players/w/wisdopa01.shtml
767,/players/a/alomasa02.shtml
768,/players/k/konerpa01.shtml
769,/players/d/durhara01.shtml
770,/players/p/perryhe01.shtml
771,/players/l/leeca01.shtml
772,/players/o/ordonma01.shtml
773,/players/c/cansejo01.shtml
774,/players/v/valenjo03.shtml
775,/players/l/liefeje01.shtml
776,/players/j/johnsma02.shtml
777,/players/p/pauljo01.shtml
778,/players/r/rowanaa01.shtml
779,/players/b/baineha01.shtml
780,/players/t/thomafr04.shtml
781,/players/c/credejo01.shtml
782,/players/r/ramirju02.shtml
783,/players/c/chrismc01.shtml
784,/players/j/jimend'01.shtml
785,/players/b/borchjo01.shtml
786,/players/o/olivomi01.shtml
787,/players/b/buehrma01.shtml
788,/players/r/riosar01.shtml
789,/players/b/burkeja02.shtml
790,/players/d/davisbe01.shtml
791,/players/p/perezti01.shtml
792,/players/g/gloadro01.shtml
793,/players/v/valdewi01.shtml
794,/players/d/dranske01.shtml
795,/players/i/iguchta01.shtml
796,/players/d/dyeje01.shtml
797,/players/o/ozunapa01.shtml
798,/players/l/lopezpe01.shtml
799,/players/c/casanra01.shtml
800,/players/m/mackoro01.shtml
801,/players/f/fieldjo02.shtml
802,/players/o/owensje01.shtml
803,/players/g/garlajo01.shtml
804,/players/e/erstada01.shtml
805,/players/g/gonzaan01.shtml
806,/players/r/richada02.shtml
807,/players/h/hallto02.shtml
808,/players/m/molingu01.shtml
809,/players/r/ramiral03.shtml
810,/players/g/griffke02.shtml
811,/players/g/getzch01.shtml
812,/players/b/bourgja01.shtml
813,/players/p/phillpa01.shtml
814,/players/n/nixja01.shtml
815,/players/r/riosal01.shtml
816,/players/c/castrra01.shtml
817,/players/v/vizquom01.shtml
818,/players/t/teahema01.shtml
819,/players/v/vicieda01.shtml
820,/players/m/morelbr01.shtml
821,/players/l/lucydo01.shtml
822,/players/m/mcpheda01.shtml
823,/players/m/millela02.shtml
824,/players/d/danksjo02.shtml
825,/players/o/olmedra01.shtml
826,/players/j/johnsda06.shtml
827,/players/l/lopezjo01.shtml
828,/players/g/gillaco01.shtml
829,/players/k/keppije01.shtml
830,/players/g/garciav01.shtml
831,/players/g/gimenhe01.shtml
832,/players/s/semiema01.shtml
833,/players/w/wellsca01.shtml
834,/players/g/greenty02.shtml
835,/players/g/garcile02.shtml
836,/players/t/tekotbl01.shtml
837,/players/a/abreujo02.shtml
838,/players/s/sierrmo01.shtml
839,/players/n/nietoad01.shtml
840,/players/s/sanchca01.shtml
841,/players/w/wilkian01.shtml
842,/players/t/taylomi01.shtml
843,/players/s/saladty01.shtml
844,/players/s/shuckja01.shtml
845,/players/t/thomptr01.shtml
846,/players/b/brantro01.shtml
847,/players/q/quintjo01.shtml
848,/players/l/lawribr01.shtml
849,/players/a/anderti01.shtml
850,/players/f/frazito01.shtml
851,/players/m/morneju01.shtml
852,/players/r/rolliji01.shtml
853,/players/n/narvaom01.shtml
854,/players/s/sandsje01.shtml
855,/players/c/coatsja01.shtml
856,/players/s/smithke04.shtml
857,/players/e/engelad01.shtml
858,/players/h/hansoal01.shtml
859,/players/d/delmoni01.shtml
860,/players/g/garciwi01.shtml
861,/players/a/ascheco01.shtml
862,/players/l/liriary01.shtml
863,/players/m/mayja02.shtml
864,/players/p/palkada01.shtml
865,/players/t/tilsoch01.shtml
866,/players/r/rondojo02.shtml
867,/players/l/lamarry01.shtml
868,/players/c/cordery01.shtml
869,/players/s/skolema01.shtml
870,/players/g/gonzaal04.shtml
871,/players/m/mccanja02.shtml
872,/players/j/jimenel02.shtml
873,/players/a/alonsyo01.shtml
874,/players/g/goinsry01.shtml
875,/players/c/colliza01.shtml
876,/players/r/reedaj01.shtml
877,/players/g/grandya01.shtml
878,/players/m/madrini01.shtml
879,/players/r/roberlu01.shtml
880,/players/m/mazarno01.shtml
881,/players/e/encared01.shtml
882,/players/m/mendida01.shtml
883,/players/g/gonzalu03.shtml
884,/players/m/merceye01.shtml
885,/players/l/larueja01.shtml
886,/players/b/booneaa01.shtml
887,/players/y/youngdm01.shtml
888,/players/o/ochoaal01.shtml
889,/players/r/riverru01.shtml
890,/players/l/larkiba01.shtml
891,/players/c/clarkbr02.shtml
892,/players/g/guerrwi01.shtml
893,/players/s/selbybi01.shtml
894,/players/s/sadledo01.shtml
895,/players/s/sandede02.shtml
896,/players/j/jenniro01.shtml
897,/players/e/encarju01.shtml
898,/players/k/kearnau01.shtml
899,/players/t/taylore01.shtml
900,/players/m/mateoru01.shtml
901,/players/l/larsobr01.shtml
902,/players/d/dawkitr01.shtml
903,/players/h/hummeti01.shtml
904,/players/v/valenja01.shtml
905,/players/c/cruzja01.shtml
906,/players/m/machaan01.shtml
907,/players/v/vandejo02.shtml
908,/players/c/clarkje02.shtml
909,/players/a/aurilri01.shtml
910,/players/r/randajo01.shtml
911,/players/b/bergowi01.shtml
912,/players/r/romanja01.shtml
913,/players/h/holbeaa01.shtml
914,/players/h/hoppeno01.shtml
915,/players/h/hamiljo03.shtml
916,/players/v/vottojo01.shtml
917,/players/c/cantujo01.shtml
918,/players/e/ellisja01.shtml
919,/players/c/coatsbu01.shtml
920,/players/b/bruceja01.shtml
921,/players/c/cabrejo02.shtml
922,/players/p/phillan01.shtml
923,/players/n/nixla01.shtml
924,/players/t/taverwi01.shtml
925,/players/r/rolensc01.shtml
926,/players/b/balenwl01.shtml
927,/players/h/heisech01.shtml
928,/players/l/lewisfr02.shtml
929,/players/m/mesorde01.shtml
930,/players/c/cozarza01.shtml
931,/players/l/ludwiry01.shtml
932,/players/p/paulxa01.shtml
933,/players/c/costami01.shtml
934,/players/r/rodrihe04.shtml
935,/players/p/phippde01.shtml
936,/players/c/choosh01.shtml
937,/players/r/robinde02.shtml
938,/players/h/hannaja01.shtml
939,/players/l/lutzdo01.shtml
940,/players/s/sotone01.shtml
941,/players/l/latosma01.shtml
942,/players/s/schumsk01.shtml
943,/players/s/santira01.shtml
944,/players/b/bernaro01.shtml
945,/players/b/barnhtu01.shtml
946,/players/r/rodriyo01.shtml
947,/players/s/suareeu01.shtml
948,/players/d/dejesiv02.shtml
949,/players/b/boescbr01.shtml
950,/players/c/cabrera01.shtml
951,/players/d/dominch01.shtml
952,/players/h/holtty01.shtml
953,/players/r/rendato01.shtml
954,/players/s/selskst01.shtml
955,/players/i/iribahe01.shtml
956,/players/w/waldrky02.shtml
957,/players/l/lopezra02.shtml
958,/players/g/gennesc01.shtml
959,/players/w/winkeje01.shtml
960,/players/t/turnest01.shtml
961,/players/e/ervinph01.shtml
962,/players/v/vinceza01.shtml
963,/players/w/wallach01.shtml
964,/players/f/feldmsc01.shtml
965,/players/b/baileho02.shtml
966,/players/c/castilu02.shtml
967,/players/c/casalcu01.shtml
968,/players/b/blandal01.shtml
969,/players/d/dixonbr01.shtml
970,/players/c/cruzto03.shtml
971,/players/s/senzeni01.shtml
972,/players/p/puigya01.shtml
973,/players/d/dietrde01.shtml
974,/players/a/aquinar01.shtml
975,/players/f/farmeky01.shtml
976,/players/g/galvifr01.shtml
977,/players/l/lorenmi01.shtml
978,/players/m/moustmi01.shtml
979,/players/a/akiyash01.shtml
980,/players/g/garcijo02.shtml
981,/players/g/goodwbr01.shtml
982,/players/c/colonch01.shtml
983,/players/s/stephty01.shtml
984,/players/p/paytoma01.shtml
985,/players/d/diazei01.shtml
986,/players/f/frymatr01.shtml
987,/players/g/gonzaju03.shtml
988,/players/b/burksel01.shtml
989,/players/c/cordewi01.shtml
990,/players/t/taubeed01.shtml
991,/players/l/lakerti01.shtml
992,/players/l/lewisma01.shtml
993,/players/m/magruch01.shtml
994,/players/s/stevele01.shtml
995,/players/b/brousbe01.shtml
996,/players/b/bardjo01.shtml
997,/players/p/peraljh01.shtml
998,/players/b/blakeca01.shtml
999,/players/h/hafnetr01.shtml
1000,/players/s/spencsh01.shtml
1001,/players/e/escobal01.shtml
1002,/players/s/santoan01.shtml
1003,/players/b/belliro01.shtml
1004,/players/p/phelpjo01.shtml
1005,/players/g/gutiefr01.shtml
1006,/players/g/garkory01.shtml
1007,/players/m/michaja01.shtml
1008,/players/i/inglejo01.shtml
1009,/players/l/lunahe01.shtml
1010,/players/p/perezed01.shtml
1011,/players/k/kouzmke01.shtml
1012,/players/b/barfijo02.shtml
1013,/players/c/cabreas01.shtml
1014,/players/r/rousemi01.shtml
1015,/players/f/francbe01.shtml
1016,/players/r/rivaslu01.shtml
1017,/players/c/carroja01.shtml
1018,/players/v/velanjo01.shtml
1019,/players/c/crowetr01.shtml
1020,/players/l/laporma01.shtml
1021,/players/b/brantmi02.shtml
1022,/players/t/toregwy01.shtml
1023,/players/m/marsolo01.shtml
1024,/players/d/donalja01.shtml
1025,/players/d/duncash01.shtml
1026,/players/s/santaca01.shtml
1027,/players/b/brownjo05.shtml
1028,/players/r/redmomi01.shtml
1029,/players/c/carreez01.shtml
1030,/players/c/chiselo01.shtml
1031,/players/b/bucktr01.shtml
1032,/players/p/phelpco01.shtml
1033,/players/c/cunniaa01.shtml
1034,/players/c/canzlru01.shtml
1035,/players/g/giambja01.shtml
1036,/players/g/gomesya01.shtml
1037,/players/r/raburry01.shtml
1038,/players/r/ramirjo01.shtml
1039,/players/c/carsoma01.shtml
1040,/players/p/perezro02.shtml
1041,/players/w/walteza01.shtml
1042,/players/m/morgany01.shtml
1043,/players/a/aguilje01.shtml
1044,/players/l/lindofr01.shtml
1045,/players/u/urshegi01.shtml
1046,/players/h/hayesbr01.shtml
1047,/players/m/martimi02.shtml
1048,/players/n/naquity01.shtml
1049,/players/g/guyerbr01.shtml
1050,/players/g/gonzaer01.shtml
1051,/players/z/zimmebr01.shtml
1052,/players/d/diazya01.shtml
1053,/players/r/roberda09.shtml
1054,/players/a/allengr01.shtml
1055,/players/b/barnebr02.shtml
1056,/players/b/bauerja01.shtml
1057,/players/m/mercaos01.shtml
1058,/players/r/reyesfr01.shtml
1059,/players/m/martile01.shtml
1060,/players/l/luplojo01.shtml
1061,/players/c/changyu01.shtml
1062,/players/b/bradlbo01.shtml
1063,/players/s/stameer01.shtml
1064,/players/h/hernace02.shtml
1065,/players/d/deshide02.shtml
1066,/players/s/santado01.shtml
1067,/players/n/naylojo01.shtml
1068,/players/t/taylobe11.shtml
1069,/players/j/johnsda07.shtml
1070,/players/h/hedgeau01.shtml
1071,/players/p/petribe01.shtml
1072,/players/h/heltoto01.shtml
1073,/players/g/gantro01.shtml
1074,/players/w/walkela01.shtml
1075,/players/s/shumpte01.shtml
1076,/players/o/ortizjo04.shtml
1077,/players/b/butlebr02.shtml
1078,/players/m/melhuad01.shtml
1079,/players/b/bennega01.shtml
1080,/players/z/zeileto01.shtml
1081,/players/e/estalbo02.shtml
1082,/players/j/johnsch04.shtml
1083,/players/w/wilsopr01.shtml
1084,/players/r/reyesre01.shtml
1085,/players/s/sweenma01.shtml
1086,/players/v/vaughgr01.shtml
1087,/players/h/hollima01.shtml
1088,/players/g/gonzalu02.shtml
1089,/players/g/greento02.shtml
1090,/players/p/pelloki01.shtml
1091,/players/c/clossjd01.shtml
1092,/players/h/hawpebr01.shtml
1093,/players/h/hockide01.shtml
1094,/players/f/freemch01.shtml
1095,/players/p/piedrjo01.shtml
1096,/players/b/barmecl01.shtml
1097,/players/a/ardoida01.shtml
1098,/players/s/sullico01.shtml
1099,/players/r/relafde01.shtml
1100,/players/s/shealry01.shtml
1101,/players/g/garabed01.shtml
1102,/players/t/torreyo01.shtml
1103,/players/s/spilbry01.shtml
1104,/players/m/matsuka01.shtml
1105,/players/s/smithja05.shtml
1106,/players/t/tulowtr01.shtml
1107,/players/o/ojedami01.shtml
1108,/players/k/koshajo01.shtml
1109,/players/y/younger03.shtml
1110,/players/b/belloed01.shtml
1111,/players/m/mccoymi01.shtml
1112,/players/n/nelsoch01.shtml
1113,/players/e/eldrebr01.shtml
1114,/players/m/mckenmi01.shtml
1115,/players/e/ellisma01.shtml
1116,/players/b/blackch02.shtml
1117,/players/a/alfonel01.shtml
1118,/players/m/moraljo02.shtml
1119,/players/r/rosarwi01.shtml
1120,/players/c/cuddymi01.shtml
1121,/players/b/brownan02.shtml
1122,/players/m/mcbrima02.shtml
1123,/players/a/arenano01.shtml
1124,/players/d/dickeco01.shtml
1125,/players/b/brignre01.shtml
1126,/players/y/ynoara01.shtml
1127,/players/p/paulsbe01.shtml
1128,/players/p/parkeky01.shtml
1129,/players/r/reyesjo01.shtml
1130,/players/g/garnedu01.shtml
1131,/players/a/adamecr01.shtml
1132,/players/s/storytr01.shtml
1133,/players/d/dahlda01.shtml
1134,/players/w/wolteto01.shtml
1135,/players/c/cardust01.shtml
1136,/players/m/murphto04.shtml
1137,/players/t/tapiara01.shtml
1138,/players/d/desmoia01.shtml
1139,/players/a/amarial01.shtml
1140,/players/t/tauchmi01.shtml
1141,/players/m/mcmahry01.shtml
1142,/players/c/cuevano01.shtml
1143,/players/h/hampsga01.shtml
1144,/players/b/buterdr01.shtml
1145,/players/d/dazayo01.shtml
1146,/players/h/hillisa01.shtml
1147,/players/r/rodgebr02.shtml
1148,/players/f/fuentjo01.shtml
1149,/players/n/nunezdo01.shtml
1150,/players/d/diazel01.shtml
1151,/players/s/senzaan01.shtml
1152,/players/k/kinlety01.shtml
1153,/players/r/ramosaj01.shtml
1154,/players/h/higgibo02.shtml
1155,/players/c/cedenro01.shtml
1156,/players/p/palmede01.shtml
1157,/players/h/haltesh01.shtml
1158,/players/m/mageewe01.shtml
1159,/players/i/ingebr01.shtml
1160,/players/j/jacksry01.shtml
1161,/players/c/cardoja01.shtml
1162,/players/m/munsoer01.shtml
1163,/players/p/patteja01.shtml
1164,/players/m/mcmilbi01.shtml
1165,/players/w/wakelch01.shtml
1166,/players/r/rivermi02.shtml
1167,/players/t/trubych01.shtml
1168,/players/l/lombage01.shtml
1169,/players/p/paquecr01.shtml
1170,/players/b/bocachi01.shtml
1171,/players/w/walbema01.shtml
1172,/players/t/torrean02.shtml
1173,/players/m/morriwa02.shtml
1174,/players/s/sanchal03.shtml
1175,/players/w/wittke01.shtml
1176,/players/k/kingsge01.shtml
1177,/players/h/hincha.01.shtml
1178,/players/k/klassda01.shtml
1179,/players/r/rodriiv01.shtml
1180,/players/g/guillca01.shtml
1181,/players/t/thamema01.shtml
1182,/players/l/loganno01.shtml
1183,/players/v/vinafe01.shtml
1184,/players/s/sheltch01.shtml
1185,/players/g/grandcu01.shtml
1186,/players/p/polanpl01.shtml
1187,/players/w/wilsova01.shtml
1188,/players/g/giarrto01.shtml
1189,/players/g/gomezal01.shtml
1190,/players/c/clevlbr01.shtml
1191,/players/h/hoopeke01.shtml
1192,/players/r/rabelmi01.shtml
1193,/players/b/bondeje01.shtml
1194,/players/c/cabremi01.shtml
1195,/players/t/thomacl02.shtml
1196,/players/l/larisje01.shtml
1197,/players/r/ryandu01.shtml
1198,/players/s/sardida01.shtml
1199,/players/e/everead01.shtml
1200,/players/k/kellydo01.shtml
1201,/players/t/treanma01.shtml
1202,/players/r/rhymewi01.shtml
1203,/players/s/sizemsc01.shtml
1204,/players/w/worthda01.shtml
1205,/players/f/frazije01.shtml
1206,/players/d/dirksan01.shtml
1207,/players/f/fieldpr01.shtml
1208,/players/b/berryqu01.shtml
1209,/players/h/hunteto01.shtml
1210,/players/t/tuiasma01.shtml
1211,/players/f/fistedo01.shtml
1212,/players/r/rominan01.shtml
1213,/players/c/collity01.shtml
1214,/players/m/moyast01.shtml
1215,/players/g/gosean01.shtml
1216,/players/m/marteje01.shtml
1217,/players/m/machadi01.shtml
1218,/players/k/krausma01.shtml
1219,/players/j/jonesja07.shtml
1220,/players/w/wilsobo02.shtml
1221,/players/m/mahtomi01.shtml
1222,/players/p/preslal01.shtml
1223,/players/h/hicksjo02.shtml
1224,/players/a/adducji02.shtml
1225,/players/g/goodrni01.shtml
1226,/players/r/reyesvi01.shtml
1227,/players/r/rodriro03.shtml
1228,/players/g/greingr01.shtml
1229,/players/l/lugoda01.shtml
1230,/players/k/kozmape01.shtml
1231,/players/s/stewach02.shtml
1232,/players/g/gerbemi01.shtml
1233,/players/m/mercejo03.shtml
1234,/players/c/castrha01.shtml
1235,/players/d/demertr01.shtml
1236,/players/h/harrijo05.shtml
1237,/players/r/rogerja03.shtml
1238,/players/c/castrwi01.shtml
1239,/players/p/peterdu01.shtml
1240,/players/r/rominau01.shtml
1241,/players/p/paredis01.shtml
1242,/players/c/camerda01.shtml
1243,/players/b/bonifjo01.shtml
1244,/players/c/croncj01.shtml
1245,/players/a/alcanse01.shtml
1246,/players/h/haaseer01.shtml
1247,/players/a/ausmubr01.shtml
1248,/players/b/bagweje01.shtml
1249,/players/b/biggicr01.shtml
1250,/players/b/berkmla01.shtml
1251,/players/h/hidalri01.shtml
1252,/players/v/vizcajo01.shtml
1253,/players/e/eusebto01.shtml
1254,/players/m/merceor01.shtml
1255,/players/h/hayesch01.shtml
1256,/players/b/barkegl01.shtml
1257,/players/s/servasc01.shtml
1258,/players/l/lopezme01.shtml
1259,/players/s/spierbi01.shtml
1260,/players/g/ginteke01.shtml
1261,/players/h/huntebr02.shtml
1262,/players/e/ensbemo01.shtml
1263,/players/l/laneja01.shtml
1264,/players/z/zinteal01.shtml
1265,/players/w/wessoba01.shtml
1266,/players/k/kentje01.shtml
1267,/players/b/brunter01.shtml
1268,/players/p/porteco01.shtml
1269,/players/m/melusmi01.shtml
1270,/players/m/matrada01.shtml
1271,/players/b/beltrca01.shtml
1272,/players/l/lambmi01.shtml
1273,/players/p/palmeor01.shtml
1274,/players/a/alfarja01.shtml
1275,/players/t/tremich01.shtml
1276,/players/o/oswalro01.shtml
1277,/players/q/quinthu01.shtml
1278,/players/s/selfto01.shtml
1279,/players/g/gipsoch01.shtml
1280,/players/j/jimerch01.shtml
1281,/players/m/mcewijo01.shtml
1282,/players/p/pencehu01.shtml
1283,/players/t/towlejr01.shtml
1284,/players/a/abercre01.shtml
1285,/players/c/castijo02.shtml
1286,/players/s/saccoma01.shtml
1287,/players/p/perezto03.shtml
1288,/players/m/maysoed01.shtml
1289,/players/c/costech01.shtml
1290,/players/m/manzeto01.shtml
1291,/players/f/felizpe01.shtml
1292,/players/s/sanchan02.shtml
1293,/players/c/castrja01.shtml
1294,/players/w/wallabr01.shtml
1295,/players/h/hernaan01.shtml
1296,/players/a/altuvjo01.shtml
1297,/players/d/downsma01.shtml
1298,/players/c/corpoca01.shtml
1299,/players/m/maxweju01.shtml
1300,/players/g/gonzama01.shtml
1301,/players/m/martife02.shtml
1302,/players/d/dominma01.shtml
1303,/players/b/bixlebr01.shtml
1304,/players/c/cartech02.shtml
1305,/players/h/hoeslj01.shtml
1306,/players/g/grossro01.shtml
1307,/players/l/lairdbr01.shtml
1308,/players/s/singljo02.shtml
1309,/players/s/springe01.shtml
1310,/players/m/marisja01.shtml
1311,/players/g/guzmaje01.shtml
1312,/players/p/petitgr01.shtml
1313,/players/h/hernaen02.shtml
1314,/players/s/stassma01.shtml
1315,/players/c/correca01.shtml
1316,/players/r/rasmuco01.shtml
1317,/players/c/congeha01.shtml
1318,/players/g/gomezca01.shtml
1319,/players/w/whitety01.shtml
1320,/players/b/bregmal01.shtml
1321,/players/g/gourryu01.shtml
1322,/players/h/hernate01.shtml
1323,/players/k/kratzer01.shtml
1324,/players/m/moranco01.shtml
1325,/players/a/aokino01.shtml
1326,/players/f/fishede01.shtml
1327,/players/d/davisjd01.shtml
1328,/players/c/centeju01.shtml
1329,/players/m/maldoma01.shtml
1330,/players/t/tuckeky01.shtml
1331,/players/s/strawmy01.shtml
1332,/players/c/chiriro01.shtml
1333,/players/a/alvaryo01.shtml
1334,/players/d/diazal02.shtml
1335,/players/t/toroab01.shtml
1336,/players/m/mayfija01.shtml
1337,/players/j/jonesta01.shtml
1338,/players/s/stubbga01.shtml
1339,/players/v/verlaju01.shtml
1340,/players/t/taylobl01.shtml
1341,/players/b/biagijo01.shtml
1342,/players/s/sweenmi01.shtml
1343,/players/f/febleca01.shtml
1344,/players/b/brownde02.shtml
1345,/players/i/ibanera01.shtml
1346,/players/q/quinnma01.shtml
1347,/players/a/alicelu01.shtml
1348,/players/o/ortizhe01.shtml
1349,/players/o/ordazlu01.shtml
1350,/players/b/berroan01.shtml
1351,/players/k/knoblch01.shtml
1352,/players/g/guielaa01.shtml
1353,/players/b/bergebr01.shtml
1354,/players/h/harveke01.shtml
1355,/players/m/matosju01.shtml
1356,/players/a/abernbr01.shtml
1357,/players/b/burkhmo01.shtml
1358,/players/b/buckjo01.shtml
1359,/players/n/nunezab02.shtml
1360,/players/s/santibe01.shtml
1361,/players/l/longte01.shtml
1362,/players/b/brownem01.shtml
1363,/players/a/ambrech01.shtml
1364,/players/c/costash01.shtml
1365,/players/h/huberju01.shtml
1366,/players/g/germaes01.shtml
1367,/players/r/robinke02.shtml
1368,/players/g/gordoal01.shtml
1369,/players/b/butlebi03.shtml
1370,/players/c/cortefe01.shtml
1371,/players/m/maiermi01.shtml
1372,/players/k/kaaihki01.shtml
1373,/players/t/tupmama01.shtml
1374,/players/g/greinza01.shtml
1375,/players/b/betanyu01.shtml
1376,/players/j/jacobmi02.shtml
1377,/players/h/hulettu01.shtml
1378,/players/m/milleja04.shtml
1379,/players/h/hosmeer01.shtml
1380,/players/e/escobal02.shtml
1381,/players/g/giavojo01.shtml
1382,/players/p/perezsa02.shtml
1383,/players/c/cainlo01.shtml
1384,/players/p/pinama01.shtml
1385,/players/f/faluir01.shtml
1386,/players/m/mooread01.shtml
1387,/players/w/willijo03.shtml
1388,/players/m/moralke01.shtml
1389,/players/o/orlanpa01.shtml
1390,/players/c/cuthbch01.shtml
1391,/players/c/colemdu01.shtml
1392,/players/m/merriwh01.shtml
1393,/players/m/mondera02.shtml
1394,/players/e/eibnebr01.shtml
1395,/players/b/burnsbi02.shtml
1396,/players/d/doziehu01.shtml
1397,/players/t/torrera01.shtml
1398,/players/g/gallaca01.shtml
1399,/players/o/ohearry01.shtml
1400,/players/h/herrero02.shtml
1401,/players/p/phillbr02.shtml
1402,/players/s/starlbu01.shtml
1403,/players/l/lopezni01.shtml
1404,/players/v/vilorme01.shtml
1405,/players/a/arteahu01.shtml
1406,/players/m/mcbrory01.shtml
1407,/players/g/gutieke01.shtml
1408,/players/d/dinini01.shtml
1409,/players/f/francma02.shtml
1410,/players/o/olivaed02.shtml
1411,/players/c/cordefr02.shtml
1412,/players/h/heathni01.shtml
1413,/players/m/mejiaer01.shtml
1414,/players/r/reynoma03.shtml
1415,/players/l/loducpa01.shtml
1416,/players/g/grissma02.shtml
1417,/players/r/rebouje01.shtml
1418,/players/k/kreutch01.shtml
1419,/players/h/hanseda01.shtml
1420,/players/p/penaan01.shtml
1421,/players/h/hiattph01.shtml
1422,/players/a/avenbr01.shtml
1423,/players/b/bransje01.shtml
1424,/players/b/bogarti01.shtml
1425,/players/h/houstty01.shtml
1426,/players/t/thursjo01.shtml
1427,/players/r/ruanwi01.shtml
1428,/players/v/venturo01.shtml
1429,/players/b/barnela01.shtml
1430,/players/w/werthja01.shtml
1431,/players/g/graboja01.shtml
1432,/players/s/saenzol01.shtml
1433,/players/p/perezan01.shtml
1434,/players/c/chench01.shtml
1435,/players/p/phillja04.shtml
1436,/players/e/edwarmi02.shtml
1437,/players/l/ledeeri01.shtml
1438,/players/r/robleos01.shtml
1439,/players/r/repkoja01.shtml
1440,/players/r/rosemi01.shtml
1441,/players/m/martiru01.shtml
1442,/players/e/ethiean01.shtml
1443,/players/a/anderma02.shtml
1444,/players/l/larocan01.shtml
1445,/players/l/liebemi01.shtml
1446,/players/y/youngde04.shtml
1447,/players/h/huch01.shtml
1448,/players/m/mazalu01.shtml
1449,/players/h/hoffmja01.shtml
1450,/players/j/jonesmi03.shtml
1451,/players/e/ellisaj01.shtml
1452,/players/m/mitchru01.shtml
1453,/players/g/gordode01.shtml
1454,/players/g/gwynnto02.shtml
1455,/players/r/riverju01.shtml
1456,/players/s/selleju01.shtml
1457,/players/c/cruzlu01.shtml
1458,/players/a/abreubo01.shtml
1459,/players/h/herreel01.shtml
1460,/players/k/kennead01.shtml
1461,/players/v/vanslsc01.shtml
1462,/players/y/youngmi02.shtml
1463,/players/b/bussni01.shtml
1464,/players/r/rojasmi02.shtml
1465,/players/f/figgich01.shtml
1466,/players/a/arrueba01.shtml
1467,/players/p/pederjo01.shtml
1468,/players/r/romakja01.shtml
1469,/players/k/kendrho01.shtml
1470,/players/g/guerral01.shtml
1471,/players/u/utleych01.shtml
1472,/players/s/seageco01.shtml
1473,/players/t/tolesan01.shtml
1474,/players/s/segedro01.shtml
1475,/players/t/tayloch03.shtml
1476,/players/r/ruizca01.shtml
1477,/players/b/barneau01.shtml
1478,/players/b/bellico01.shtml
1479,/players/f/forsylo01.shtml
1480,/players/m/muncyma01.shtml
1481,/players/d/doziebr01.shtml
1482,/players/f/freesda01.shtml
1483,/players/v/valerbr01.shtml
1484,/players/b/beatyma01.shtml
1485,/players/s/smithwi05.shtml
1486,/players/l/luxga01.shtml
1487,/players/r/riosed01.shtml
1488,/players/g/garliky01.shtml
1489,/players/g/gyorkje01.shtml
1490,/players/r/ruizke01.shtml
1491,/players/m/mckinza01.shtml
1492,/players/m/maydu01.shtml
1493,/players/a/alexasc02.shtml
1494,/players/u/uriasju01.shtml
1495,/players/j/jenkige01.shtml
1496,/players/w/whitede03.shtml
1497,/players/h/hammoje01.shtml
1498,/players/m/moutoja01.shtml
1499,/players/c/collilo01.shtml
1500,/players/c/coolbmi01.shtml
1501,/players/f/fernato01.shtml
1502,/players/p/penael01.shtml
1503,/players/t/thompry01.shtml
1504,/players/r/rushfji01.shtml
1505,/players/f/fabrejo01.shtml
1506,/players/c/chrisry01.shtml
1507,/players/c/cruzen01.shtml
1508,/players/s/smithma03.shtml
1509,/players/z/zoccope01.shtml
1510,/players/k/kiescbr01.shtml
1511,/players/d/durritr01.shtml
1512,/players/k/krynzda01.shtml
1513,/players/e/erickma01.shtml
1514,/players/h/hartco01.shtml
1515,/players/m/mosquju01.shtml
1516,/players/k/koskico01.shtml
1517,/players/g/grossga01.shtml
1518,/players/b/bellda01.shtml
1519,/players/m/menchke01.shtml
1520,/players/b/barnwch01.shtml
1521,/players/b/braunry02.shtml
1522,/players/d/dillojo02.shtml
1523,/players/r/rottivi01.shtml
1524,/players/s/stockme01.shtml
1525,/players/s/suppaje01.shtml
1526,/players/n/nelsobr02.shtml
1527,/players/c/catalfr01.shtml
1528,/players/g/gamelma01.shtml
1529,/players/d/duffych01.shtml
1530,/players/w/wolfra02.shtml
1531,/players/g/greenta01.shtml
1532,/players/a/almoner01.shtml
1533,/players/b/boggsbr01.shtml
1534,/players/b/biancje01.shtml
1535,/players/s/schaflo01.shtml
1536,/players/g/gindlca01.shtml
1537,/players/d/daviskh01.shtml
1538,/players/h/haltose01.shtml
1539,/players/l/lallibl01.shtml
1540,/players/p/princjo01.shtml
1541,/players/l/lohseky01.shtml
1542,/players/c/clarkma02.shtml
1543,/players/g/gomezhe01.shtml
1544,/players/r/rogerja02.shtml
1545,/players/l/lindad01.shtml
1546,/players/p/petersh01.shtml
1547,/players/s/sardilu01.shtml
1548,/players/a/ashlene01.shtml
1549,/players/n/nieuwki01.shtml
1550,/players/f/florera02.shtml
1551,/players/a/arciaor01.shtml
1552,/players/r/riverya01.shtml
1553,/players/w/walshco02.shtml
1554,/players/t/thameer01.shtml
1555,/players/s/sogarer01.shtml
1556,/players/b/bandyje01.shtml
1557,/players/w/walkene01.shtml
1558,/players/f/frankni01.shtml
1559,/players/b/brinsle01.shtml
1560,/players/s/susacan01.shtml
1561,/players/y/yelicch01.shtml
1562,/players/m/millebr02.shtml
1563,/players/h/hiurake01.shtml
1564,/players/g/gamelbe01.shtml
1565,/players/g/grishtr01.shtml
1566,/players/s/spangco01.shtml
1567,/players/a/austity01.shtml
1568,/players/t/tayloty01.shtml
1569,/players/n/nottija01.shtml
1570,/players/s/smoakju01.shtml
1571,/players/u/uriaslu01.shtml
1572,/players/v/vogelda01.shtml
1573,/players/m/mathima01.shtml
1574,/players/m/morrilo01.shtml
1575,/players/g/guzmacr01.shtml
1576,/players/b/buchabr01.shtml
1577,/players/p/princto01.shtml
1578,/players/a/allench01.shtml
1579,/players/m/maxweja01.shtml
1580,/players/l/lecroma01.shtml
1581,/players/b/barnejo01.shtml
1582,/players/c/canizja01.shtml
1583,/players/r/restomi01.shtml
1584,/players/s/searsto01.shtml
1585,/players/r/ryanmi03.shtml
1586,/players/s/stewash01.shtml
1587,/players/m/mauerjo01.shtml
1588,/players/t/tiffete01.shtml
1589,/players/b/bartlja01.shtml
1590,/players/r/rodrilu01.shtml
1591,/players/t/tynerja01.shtml
1592,/players/b/boonebr01.shtml
1593,/players/w/willigl01.shtml
1594,/players/c/castilu01.shtml
1595,/players/r/rabejo01.shtml
1596,/players/s/sierrru01.shtml
1597,/players/b/buschbr01.shtml
1598,/players/j/jonesga02.shtml
1599,/players/h/heintch01.shtml
1600,/players/w/watkito01.shtml
1601,/players/s/spande01.shtml
1602,/players/h/harribr01.shtml
1603,/players/t/tolbema01.shtml
1604,/players/r/ruizra01.shtml
1605,/players/m/macrima01.shtml
1606,/players/p/pridija01.shtml
1607,/players/l/liriafr01.shtml
1608,/players/b/bakersc02.shtml
1609,/players/p/plouftr01.shtml
1610,/players/r/reverbe01.shtml
1611,/players/r/ramoswi01.shtml
1612,/players/n/nishits01.shtml
1613,/players/h/hughelu01.shtml
1614,/players/t/tosonre01.shtml
1615,/players/d/dinkebr01.shtml
1616,/players/m/mastrda01.shtml
1617,/players/f/floripe01.shtml
1618,/players/k/komater01.shtml
1619,/players/h/hicksaa01.shtml
1620,/players/a/arciaos01.shtml
1621,/players/c/colabch01.shtml
1622,/players/r/ramirwi01.shtml
1623,/players/p/pintojo01.shtml
1624,/players/b/bernido01.shtml
1625,/players/v/vargake01.shtml
1626,/players/f/fryerer01.shtml
1627,/players/r/rosared01.shtml
1628,/players/s/sanomi01.shtml
1629,/players/r/robinsh01.shtml
1630,/players/b/buxtoby01.shtml
1631,/players/p/polanjo01.shtml
1632,/players/k/keplema01.shtml
1633,/players/p/parkby01.shtml
1634,/players/b/beresja01.shtml
1635,/players/a/adriaeh01.shtml
1636,/players/g/graniza01.shtml
1637,/players/g/garvemi01.shtml
1638,/players/s/santaer01.shtml
1639,/players/b/berrijo01.shtml
1640,/players/c/colonba01.shtml
1641,/players/c/caveja01.shtml
1642,/players/a/astudwi01.shtml
1643,/players/a/arraelu01.shtml
1644,/players/w/wadela01.shtml
1645,/players/t/torrero01.shtml
1646,/players/m/milleia01.shtml
1647,/players/j/jeffery01.shtml
1648,/players/r/rookebr01.shtml
1649,/players/b/blanktr01.shtml
1650,/players/w/whiteaa01.shtml
1651,/players/p/piazzmi01.shtml
1652,/players/a/alfoned01.shtml
1653,/players/s/shinjts01.shtml
1654,/players/h/hamilda02.shtml
1655,/players/j/johnsma01.shtml
1656,/players/t/tocajo01.shtml
1657,/players/v/vaughmo01.shtml
1658,/players/t/tarasto01.shtml
1659,/players/g/gonzara01.shtml
1660,/players/s/sneades01.shtml
1661,/players/d/duncaje01.shtml
1662,/players/w/wrighda03.shtml
1663,/players/v/valener01.shtml
1664,/players/g/garcida03.shtml
1665,/players/d/delgawi01.shtml
1666,/players/w/willige02.shtml
1667,/players/d/diazvi01.shtml
1668,/players/d/delgaca01.shtml
1669,/players/s/schnebr01.shtml
1670,/players/r/reyesar01.shtml
1671,/players/e/evansni01.shtml
1672,/players/c/cancero01.shtml
1673,/players/r/reedje03.shtml
1674,/players/d/davisik02.shtml
1675,/players/t/tholejo01.shtml
1676,/players/f/felicje01.shtml
1677,/players/p/pauliro01.shtml
1678,/players/n/nickemi01.shtml
1679,/players/e/emausbr01.shtml
1680,/players/s/satinjo01.shtml
1681,/players/v/valdejo02.shtml
1682,/players/j/johnsro07.shtml
1683,/players/l/lagarju01.shtml
1684,/players/c/campber01.shtml
1685,/players/d/dendema01.shtml
1686,/players/c/confomi01.shtml
1687,/players/m/maybejo02.shtml
1688,/players/c/cecilda01.shtml
1689,/players/r/rivertj01.shtml
1690,/players/n/nimmobr01.shtml
1691,/players/s/smithdo02.shtml
1692,/players/r/rosaram01.shtml
1693,/players/c/cecchga02.shtml
1694,/players/m/mcneije01.shtml
1695,/players/n/nidoto01.shtml
1696,/players/g/guilllu01.shtml
1697,/players/l/lobatjo01.shtml
1698,/players/a/alonspe01.shtml
1699,/players/c/canoro01.shtml
1700,/players/p/panikjo01.shtml
1701,/players/a/altheaa01.shtml
1702,/players/g/gimenan01.shtml
1703,/players/h/heredgu01.shtml
1704,/players/s/sanchal04.shtml
1705,/players/p/posadjo01.shtml
1706,/players/m/martiti02.shtml
1707,/players/j/jeterde01.shtml
1708,/players/b/brosisc01.shtml
1709,/players/w/willibe02.shtml
1710,/players/o/o'neipa01.shtml
1711,/players/j/justida01.shtml
1712,/players/b/bellicl01.shtml
1713,/players/s/sojolu01.shtml
1714,/players/v/velarra01.shtml
1715,/players/o/olivejo01.shtml
1716,/players/c/colemmi01.shtml
1717,/players/p/perezro01.shtml
1718,/players/a/ariasal01.shtml
1719,/players/m/matsuhi01.shtml
1720,/players/f/flahejo01.shtml
1721,/players/t/trammbu01.shtml
1722,/players/r/rodrial01.shtml
1723,/players/c/crosbbu01.shtml
1724,/players/l/leetr01.shtml
1725,/players/e/escalfe01.shtml
1726,/players/b/bushho01.shtml
1727,/players/j/johnsru01.shtml
1728,/players/m/molinjo01.shtml
1729,/players/t/thompke01.shtml
1730,/players/g/gonzaal03.shtml
1731,/players/s/sardibr01.shtml
1732,/players/g/gardnbr01.shtml
1733,/players/c/chrisju01.shtml
1734,/players/w/winnra01.shtml
1735,/players/c/curtico01.shtml
1736,/players/r/russoke01.shtml
1737,/players/g/golsogr01.shtml
1738,/players/m/monteje01.shtml
1739,/players/s/suzukic01.shtml
1740,/players/w/wellsve01.shtml
1741,/players/a/adamsda02.shtml
1742,/players/a/almonzo01.shtml
1743,/players/r/ryanbr01.shtml
1744,/players/s/solarya01.shtml
1745,/players/h/headlch01.shtml
1746,/players/w/wheelze01.shtml
1747,/players/b/birdgr01.shtml
1748,/players/p/pireljo01.shtml
1749,/players/a/ackledu01.shtml
1750,/players/r/refsnro01.shtml
1751,/players/h/heathsl01.shtml
1752,/players/s/sanchga02.shtml
1753,/players/j/judgeaa01.shtml
1754,/players/s/solando01.shtml
1755,/players/f/frazicl01.shtml
1756,/players/w/wadety01.shtml
1757,/players/c/coopega03.shtml
1758,/players/h/higasky01.shtml
1759,/players/t/torregl01.shtml
1760,/players/a/andujmi01.shtml
1761,/players/s/stantmi03.shtml
1762,/players/v/voitlu01.shtml
1763,/players/m/mccutan01.shtml
1764,/players/f/fordmi01.shtml
1765,/players/e/estrath01.shtml
1766,/players/f/flories01.shtml
1767,/players/h/haleda02.shtml
1768,/players/m/menecfr01.shtml
1769,/players/p/piattad01.shtml
1770,/players/s/santaf.01.shtml
1771,/players/v/valdema02.shtml
1772,/players/j/jahajo01.shtml
1773,/players/c/colanmi01.shtml
1774,/players/m/mclemma01.shtml
1775,/players/c/castrra02.shtml
1776,/players/m/muldema01.shtml
1777,/players/w/watsoma02.shtml
1778,/players/b/brownje02.shtml
1779,/players/c/clarkdo01.shtml
1780,/players/h/harenda01.shtml
1781,/players/b/bartoda02.shtml
1782,/players/b/bowenro01.shtml
1783,/players/p/powella01.shtml
1784,/players/e/everito01.shtml
1785,/players/w/weeksje01.shtml
1786,/players/n/norride01.shtml
1787,/players/j/jasojo01.shtml
1788,/players/f/freimna01.shtml
1789,/players/p/parrian01.shtml
1790,/players/m/montzlu01.shtml
1791,/players/b/blankky01.shtml
1792,/players/c/canhama01.shtml
1793,/players/s/smolija01.shtml
1794,/players/b/blairca01.shtml
1795,/players/l/ladenty01.shtml
1796,/players/h/healyry01.shtml
1797,/players/w/wendljo01.shtml
1798,/players/m/maxwebr01.shtml
1799,/players/p/pindech01.shtml
1800,/players/c/chapmma01.shtml
1801,/players/o/olsonma02.shtml
1802,/players/b/brugmja01.shtml
1803,/players/p/powelbo02.shtml
1804,/players/b/barrefr02.shtml
1805,/players/d/deckeja01.shtml
1806,/players/p/piscost01.shtml
1807,/players/f/fowledu01.shtml
1808,/players/m/martini02.shtml
1809,/players/l/laurera01.shtml
1810,/players/p/profaju01.shtml
1811,/players/b/brownse01.shtml
1812,/players/n/neusesh01.shtml
1813,/players/m/murphse01.shtml
1814,/players/j/josepco01.shtml
1815,/players/m/machivi01.shtml
1816,/players/h/heimjo01.shtml
1817,/players/a/allenau01.shtml
1818,/players/o/orfna01.shtml
1819,/players/w/wendejb01.shtml
1820,/players/b/burrepa01.shtml
1821,/players/j/jordake01.shtml
1822,/players/c/crespfe01.shtml
1823,/players/d/duceyro01.shtml
1824,/players/w/wardtu01.shtml
1825,/players/h/hollida01.shtml
1826,/players/c/chapmtr01.shtml
1827,/players/w/wootesh01.shtml
1828,/players/h/howarry01.shtml
1829,/players/m/miltoer01.shtml
1830,/players/m/myersbr01.shtml
1831,/players/n/nunezab01.shtml
1832,/players/s/sandoda01.shtml
1833,/players/r/roberch02.shtml
1834,/players/d/dobbsgr01.shtml
1835,/players/l/laforpe01.shtml
1836,/players/m/moyerja01.shtml
1837,/players/h/hamelco01.shtml
1838,/players/t/tagucso01.shtml
1839,/players/c/cervemi01.shtml
1840,/players/h/harmabr01.shtml
1841,/players/b/bohntj01.shtml
1842,/players/t/tracyan01.shtml
1843,/players/h/hoovepa01.shtml
1844,/players/b/blantjo01.shtml
1845,/players/b/browndo01.shtml
1846,/players/b/bowkejo01.shtml
1847,/players/f/frandke01.shtml
1848,/players/r/rufda01.shtml
1849,/players/r/ruppca01.shtml
1850,/players/h/herreod01.shtml
1851,/players/s/sweenda02.shtml
1852,/players/j/josepto01.shtml
1853,/players/g/goeddty01.shtml
1854,/players/q/quinnro01.shtml
1855,/players/b/burriem01.shtml
1856,/players/h/huntece01.shtml
1857,/players/w/willini01.shtml
1858,/players/s/saundmi01.shtml
1859,/players/h/hoskirh01.shtml
1860,/players/k/knappan01.shtml
1861,/players/a/alfarjo01.shtml
1862,/players/k/kellyty01.shtml
1863,/players/p/perkica01.shtml
1864,/players/s/stassbr01.shtml
1865,/players/c/crawfjp01.shtml
1866,/players/k/kingesc01.shtml
1867,/players/v/valenje01.shtml
1868,/players/b/bourju01.shtml
1869,/players/c/cozendy01.shtml
1870,/players/w/waldimi01.shtml
1871,/players/r/realmjt01.shtml
1872,/players/h/harpebr03.shtml
1873,/players/h/haselad01.shtml
1874,/players/b/bohmal01.shtml
1875,/players/m/moniami01.shtml
1876,/players/m/marchra01.shtml
1877,/players/g/guerrde01.shtml
1878,/players/y/youngke01.shtml
1879,/players/m/mearepa01.shtml
1880,/players/g/gilesbr02.shtml
1881,/players/b/bellde01.shtml
1882,/players/w/wehnejo01.shtml
1883,/players/b/benjami01.shtml
1884,/players/a/alvarto01.shtml
1885,/players/c/cotahu01.shtml
1886,/players/d/davisjj01.shtml
1887,/players/w/wellski01.shtml
1888,/players/r/riverca01.shtml
1889,/players/f/furmajj01.shtml
1890,/players/m/maldoca03.shtml
1891,/players/d/decasyu01.shtml
1892,/players/j/jaramja01.shtml
1893,/players/d/diazro01.shtml
1894,/players/t/tabatjo01.shtml
1895,/players/i/iwamuak01.shtml
1896,/players/c/clemeje01.shtml
1897,/players/d/diazar01.shtml
1898,/players/w/woodbr01.shtml
1899,/players/s/sanchga01.shtml
1900,/players/h/haguema01.shtml
1901,/players/s/sanchto01.shtml
1902,/players/l/lamboan01.shtml
1903,/players/p/polangr01.shtml
1904,/players/k/kangju01.shtml
1905,/players/f/fraziad01.shtml
1906,/players/b/belljo02.shtml
1907,/players/f/figueco01.shtml
1908,/players/o/osunajo01.shtml
1909,/players/m/morofma01.shtml
1910,/players/n/ngoepgi01.shtml
1911,/players/b/bostich01.shtml
1912,/players/m/meadoau01.shtml
1913,/players/n/newmake01.shtml
1914,/players/r/reyespa01.shtml
1915,/players/s/stallja01.shtml
1916,/players/r/reynobr01.shtml
1917,/players/t/tuckeco01.shtml
1918,/players/k/krameke01.shtml
1919,/players/h/hayeske01.shtml
1920,/players/r/riddljt01.shtml
1921,/players/e/evansph01.shtml
1922,/players/o/olivaja01.shtml
1923,/players/a/alforan01.shtml
1924,/players/m/martija03.shtml
1925,/players/c/craigwi01.shtml
1926,/players/k/kleskry01.shtml
1927,/players/d/darrmi02.shtml
1928,/players/g/gonzawi01.shtml
1929,/players/l/lankfra01.shtml
1930,/players/m/magadda01.shtml
1931,/players/m/mendedo01.shtml
1932,/players/g/gwynnto01.shtml
1933,/players/p/perezsa01.shtml
1934,/players/r/riggsad01.shtml
1935,/players/l/lampkto01.shtml
1936,/players/h/hubbatr01.shtml
1937,/players/g/greenkh01.shtml
1938,/players/g/guzmafr01.shtml
1939,/players/j/johnsbe02.shtml
1940,/players/m/mcanupa01.shtml
1941,/players/s/sledgte01.shtml
1942,/players/a/alexama02.shtml
1943,/players/g/gonzaed02.shtml
1944,/players/v/venabwi01.shtml
1945,/players/c/carlilu01.shtml
1946,/players/a/antonma01.shtml
1947,/players/m/maciadr01.shtml
1948,/players/d/duranlu01.shtml
1949,/players/z/zawadla01.shtml
1950,/players/p/phillky01.shtml
1951,/players/m/martilu02.shtml
1952,/players/d/darneja01.shtml
1953,/players/m/medicto01.shtml
1954,/players/g/goebbja01.shtml
1955,/players/m/myerswi01.shtml
1956,/players/j/jankotr01.shtml
1957,/players/d/deckeco01.shtml
1958,/players/g/galero01.shtml
1959,/players/s/schimry01.shtml
1960,/players/d/dickeal01.shtml
1961,/players/b/blashja01.shtml
1962,/players/s/sanchhe01.shtml
1963,/players/a/asuajca01.shtml
1964,/players/m/margoma01.shtml
1965,/players/r/renfrhu01.shtml
1966,/players/c/cordoal01.shtml
1967,/players/t/torrelu01.shtml
1968,/players/v/villach01.shtml
1969,/players/m/mejiafr01.shtml
1970,/players/g/guerrja02.shtml
1971,/players/t/tatisfe02.shtml
1972,/players/g/garcigr01.shtml
1973,/players/f/francty01.shtml
1974,/players/m/mejiase01.shtml
1975,/players/c/croneja01.shtml
1976,/players/p/phamth01.shtml
1977,/players/n/nolaau01.shtml
1978,/players/m/mateojo01.shtml
1979,/players/o/onajo01.shtml
1980,/players/b/bondsba01.shtml
1981,/players/m/murraca01.shtml
1982,/players/b/benarma01.shtml
1983,/players/d/dunstsh01.shtml
1984,/players/d/davisru01.shtml
1985,/players/g/galaran01.shtml
1986,/players/d/daviser01.shtml
1987,/players/g/guzmaed01.shtml
1988,/players/m/minorda01.shtml
1989,/players/l/leachja01.shtml
1990,/players/t/torcato01.shtml
1991,/players/l/lindeto01.shtml
1992,/players/d/dallibr01.shtml
1993,/players/m/mathemi01.shtml
1994,/players/n/niekrla01.shtml
1995,/players/h/haadya01.shtml
1996,/players/o/ortmeda01.shtml
1997,/players/c/chavean02.shtml
1998,/players/d/delarto01.shtml
1999,/players/m/molinbe01.shtml
2000,/players/r/rodrigu01.shtml
2001,/players/v/velezeu01.shtml
2002,/players/o/ochoaiv01.shtml
2003,/players/h/holmst01.shtml
2004,/players/b/bococbr01.shtml
2005,/players/h/horwibr01.shtml
2006,/players/w/whiteel03.shtml
2007,/players/p/poseybu01.shtml
2008,/players/c/crawfbr01.shtml
2009,/players/b/beltbr01.shtml
2010,/players/a/ariasjo01.shtml
2011,/players/p/pillbr01.shtml
2012,/players/n/noonani01.shtml
2013,/players/p/perezju02.shtml
2014,/players/k/kiescro01.shtml
2015,/players/t/tanakke01.shtml
2016,/players/p/peguefr01.shtml
2017,/players/d/duffyma01.shtml
2018,/players/t/tomlike01.shtml
2019,/players/p/parkeja03.shtml
2020,/players/b/browntr01.shtml
2021,/players/w/willima11.shtml
2022,/players/g/greengr01.shtml
2023,/players/j/jonesry01.shtml
2024,/players/s/slateau01.shtml
2025,/players/h/hwangja01.shtml
2026,/players/l/longoev01.shtml
2027,/players/d/duggast01.shtml
2028,/players/g/garciar01.shtml
2029,/players/s/shawch01.shtml
2030,/players/y/yastrmi01.shtml
2031,/players/d/dubonma01.shtml
2032,/players/b/bartjo01.shtml
2033,/players/t/trompch01.shtml
2034,/players/h/heinety01.shtml
2035,/players/r/roberda10.shtml
2036,/players/b/basablu01.shtml
2037,/players/d/davisja03.shtml
2038,/players/m/mccarjo04.shtml
2039,/players/w/wilsoda01.shtml
2040,/players/m/martial03.shtml
2041,/players/m/martied01.shtml
2042,/players/j/javiest01.shtml
2043,/players/s/spraged02.shtml
2044,/players/b/buhneja01.shtml
2045,/players/s/sandean01.shtml
2046,/players/b/bordepa01.shtml
2047,/players/s/snellch02.shtml
2048,/players/u/uguetlu01.shtml
2049,/players/s/stronja01.shtml
2050,/players/m/meyerch02.shtml
2051,/players/s/spiezsc01.shtml
2052,/players/j/jacobbu02.shtml
2053,/players/l/leoneju01.shtml
2054,/players/j/johjike01.shtml
2055,/players/v/vidrojo01.shtml
2056,/players/w/wilkebr01.shtml
2057,/players/m/mangima01.shtml
2058,/players/p/pegueca01.shtml
2059,/players/s/seageky01.shtml
2060,/players/r/robintr01.shtml
2061,/players/h/halmagr01.shtml
2062,/players/l/liddial01.shtml
2063,/players/t/triunca01.shtml
2064,/players/j/jimenlu01.shtml
2065,/players/z/zuninmi01.shtml
2066,/players/j/jonesja06.shtml
2067,/players/r/romerst01.shtml
2068,/players/o/omallsh01.shtml
2069,/players/l/leeda02.shtml
2070,/players/m/motteta01.shtml
2071,/players/h/hanneja01.shtml
2072,/players/s/smithty01.shtml
2073,/players/m/marjami01.shtml
2074,/players/m/mooredy01.shtml
2075,/players/l/longsh01.shtml
2076,/players/l/lopesti01.shtml
2077,/players/l/lewisky01.shtml
2078,/players/w/whiteev01.shtml
2079,/players/m/marmojo01.shtml
2080,/players/h/haggesa01.shtml
2081,/players/o/odomjo01.shtml
2082,/players/b/bishobr01.shtml
2083,/players/f/fraleja01.shtml
2084,/players/h/hudsojo03.shtml
2085,/players/m/mcgwima01.shtml
2086,/players/p/pujolal01.shtml
2087,/players/b/bonilbo01.shtml
2088,/players/s/suttola01.shtml
2089,/players/c/clappst01.shtml
2090,/players/s/saturlu01.shtml
2091,/players/o/ortegbi01.shtml
2092,/players/m/mcdonke01.shtml
2093,/players/c/cruziv01.shtml
2094,/players/m/morrima01.shtml
2095,/players/s/simonja01.shtml
2096,/players/h/hartbo01.shtml
2097,/players/w/williwo02.shtml
2098,/players/t/tomkobr01.shtml
2099,/players/m/molinya01.shtml
2100,/players/m/mckayco01.shtml
2101,/players/m/marquja01.shtml
2102,/players/r/rodrijo03.shtml
2103,/players/s/seabosc01.shtml
2104,/players/m/mahonmi02.shtml
2105,/players/g/galljo01.shtml
2106,/players/d/duncach01.shtml
2107,/players/b/bartobr01.shtml
2108,/players/s/stavini01.shtml
2109,/players/w/washiri01.shtml
2110,/players/b/bardebr01.shtml
2111,/players/p/pagnoma01.shtml
2112,/players/h/hamilma01.shtml
2113,/players/c/carpema01.shtml
2114,/players/c/chambad01.shtml
2115,/players/j/jacksry02.shtml
2116,/players/a/anderbr05.shtml
2117,/players/w/wongko01.shtml
2118,/players/p/peterbr02.shtml
2119,/players/c/curtije01.shtml
2120,/players/p/perezau01.shtml
2121,/players/t/taveros01.shtml
2122,/players/g/grichra01.shtml
2123,/players/s/scrugxa01.shtml
2124,/players/b/butlejo04.shtml
2125,/players/s/stanlco01.shtml
2126,/players/r/rosaral01.shtml
2127,/players/d/dejonpa01.shtml
2128,/players/b/baderha01.shtml
2129,/players/s/sierrma01.shtml
2130,/players/m/mejiaal01.shtml
2131,/players/o/oneilty01.shtml
2132,/players/g/garciad02.shtml
2133,/players/b/baronst01.shtml
2134,/players/e/edmanto01.shtml
2135,/players/k/kniznan01.shtml
2136,/players/t/thomala02.shtml
2137,/players/r/ravelra01.shtml
2138,/players/a/arozara01.shtml
2139,/players/s/sosaed01.shtml
2140,/players/r/robindr01.shtml
2141,/players/c/carlsdy01.shtml
2142,/players/s/schroma01.shtml
2143,/players/d/deanau01.shtml
2144,/players/w/williju02.shtml
2145,/players/n/nogowjo01.shtml
2146,/players/f/flaheja01.shtml
2147,/players/g/greerru01.shtml
2148,/players/c/curtich01.shtml
2149,/players/s/sheldsc01.shtml
2150,/players/p/portebo03.shtml
2151,/players/b/blaloha01.shtml
2152,/players/j/jonesja04.shtml
2153,/players/n/nivarra01.shtml
2154,/players/f/fullmbr01.shtml
2155,/players/h/huckake01.shtml
2156,/players/b/bottsja01.shtml
2157,/players/m/mcdouma01.shtml
2158,/players/m/meyerdr01.shtml
2159,/players/m/metcatr01.shtml
2160,/players/d/durange01.shtml
2161,/players/r/ramirma03.shtml
2162,/players/a/andruel01.shtml
2163,/players/r/richake02.shtml
2164,/players/h/harrima01.shtml
2165,/players/b/beltren01.shtml
2166,/players/m/mcguich01.shtml
2167,/players/o/odorro01.shtml
2168,/players/c/choicmi01.shtml
2169,/players/a/arencjp01.shtml
2170,/players/r/ruary01.shtml
2171,/players/g/gallojo01.shtml
2172,/players/h/hoyinja01.shtml
2173,/players/n/nichobr01.shtml
2174,/players/c/calhowi01.shtml
2175,/players/j/jimenaj01.shtml
2176,/players/g/guzmaro01.shtml
2177,/players/k/kineris01.shtml
2178,/players/t/toccica01.shtml
2179,/players/t/trevijo01.shtml
2180,/players/s/solakni01.shtml
2181,/players/h/heinesc01.shtml
2182,/players/m/minormi01.shtml
2183,/players/t/taverle01.shtml
2184,/players/t/tejedan01.shtml
2185,/players/w/whiteel04.shtml
2186,/players/h/huffsa01.shtml
2187,/players/f/fletcda01.shtml
2188,/players/f/fryeje01.shtml
2189,/players/l/lopezlu03.shtml
2190,/players/s/simmobr01.shtml
2191,/players/l/lathach01.shtml
2192,/players/b/bergda01.shtml
2193,/players/w/wilsoto02.shtml
2194,/players/l/lawrejo01.shtml
2195,/players/l/leshebr01.shtml
2196,/players/h/hallaro01.shtml
2197,/players/l/lidleco01.shtml
2198,/players/a/adamsru01.shtml
2199,/players/p/pondsi01.shtml
2200,/players/c/crozier01.shtml
2201,/players/g/griffjo01.shtml
2202,/players/d/dominan01.shtml
2203,/players/c/chacigu01.shtml
2204,/players/h/hattijo01.shtml
2205,/players/b/barkeke01.shtml
2206,/players/m/mottoch01.shtml
2207,/players/t/thigpcu01.shtml
2208,/players/h/hoffpja01.shtml
2209,/players/c/coopeda01.shtml
2210,/players/i/izturma01.shtml
2211,/players/d/diazjo02.shtml
2212,/players/t/travide01.shtml
2213,/players/p/pompeda01.shtml
2214,/players/m/mailelu01.shtml
2215,/players/u/urenari01.shtml
2216,/players/g/gurrilo01.shtml
2217,/players/m/mckinbi01.shtml
2218,/players/j/janseda01.shtml
2219,/players/t/tellero01.shtml
2220,/players/b/biggica01.shtml
2221,/players/g/guerrvl02.shtml
2222,/players/b/bichebo01.shtml
2223,/players/m/mcguire01.shtml
2224,/players/d/davisjo05.shtml
2225,/players/e/espinsa01.shtml
2226,/players/k/kirkal01.shtml
2227,/players/q/quinlro01.shtml
2228,/players/s/sorenza01.shtml
2229,/players/p/pridecu01.shtml
2230,/players/s/salmoti01.shtml
2231,/players/m/murphto03.shtml
2232,/players/w/willire03.shtml
2233,/players/h/haynena01.shtml
2234,/players/b/brownma05.shtml
2235,/players/s/sandofr01.shtml
2236,/players/e/evanste01.shtml
2237,/players/p/pettich01.shtml
2238,/players/t/troutmi01.shtml
2239,/players/m/mooreje02.shtml
2240,/players/j/jimenlu02.shtml
2241,/players/f/fieldth01.shtml
2242,/players/f/feathta01.shtml
2243,/players/c/cowarka01.shtml
2244,/players/c/choiji01.shtml
2245,/players/e/espinda01.shtml
2246,/players/g/grateju01.shtml
2247,/players/o/ohtansh01.shtml
2248,/players/f/fletcda02.shtml
2249,/players/w/wardta01.shtml
2250,/players/b/bricejo01.shtml
2251,/players/f/fernajo03.shtml
2252,/players/a/arciafr01.shtml
2253,/players/r/rengilu01.shtml
2254,/players/t/thaisma01.shtml
2255,/players/t/tovarwi01.shtml
2256,/players/w/walshja01.shtml
2257,/players/b/bemboan01.shtml
2258,/players/r/rendoan01.shtml
2259,/players/a/adelljo01.shtml
2260,/players/h/hermomi01.shtml
2261,/players/s/sotoel01.shtml
2262,/players/g/gilbe01.shtml
2263,/players/j/joynewa01.shtml
2264,/players/h/hillgl01.shtml
2265,/players/n/nievejo01.shtml
2266,/players/f/fernajo01.shtml
2267,/players/a/amezaal01.shtml
2268,/players/o/owenser01.shtml
2269,/players/g/gregoto01.shtml
2270,/players/p/peterbr01.shtml
2271,/players/c/cousisc01.shtml
2272,/players/l/lucased01.shtml
2273,/players/t/telisto01.shtml
2274,/players/s/solanjh01.shtml
2275,/players/h/hoodde01.shtml
2276,/players/m/moorety01.shtml
2277,/players/a/anderbr06.shtml
2278,/players/s/straida01.shtml
2279,/players/g/gallois01.shtml
2280,/players/r/ramirha02.shtml
2281,/players/b/bertijo01.shtml
2282,/players/d/diazis01.shtml
2283,/players/c/chishja01.shtml
2284,/players/h/harrimo01.shtml
2285,/players/d/diazle01.shtml
2286,/players/a/alvared01.shtml
2287,/players/s/sanchje02.shtml
2288,/players/f/foxan01.shtml
2289,/players/a/abbotje01.shtml
2290,/players/m/moutoly01.shtml
2291,/players/g/gulanmi01.shtml
2292,/players/r/raineti01.shtml
2293,/players/m/mordemi01.shtml
2294,/players/b/banksbr01.shtml
2295,/players/m/malloma01.shtml
2296,/players/p/pennybr01.shtml
2297,/players/p/pavanca01.shtml
2298,/players/a/aguilch01.shtml
2299,/players/j/jorgery01.shtml
2300,/players/r/reeder01.shtml
2301,/players/c/cepicma01.shtml
2302,/players/w/woodja02.shtml
2303,/players/w/willido03.shtml
2304,/players/c/carrobr01.shtml
2305,/players/j/johnsjo09.shtml
2306,/players/d/davisbr03.shtml
2307,/players/m/martios01.shtml
2308,/players/r/riggash01.shtml
2309,/players/p/perezfe01.shtml
2310,/players/h/hernami01.shtml
2311,/players/j/jennide01.shtml
2312,/players/k/kiermke01.shtml
2313,/players/b/belnovi01.shtml
2314,/players/s/solisal01.shtml
2315,/players/s/shaffri01.shtml
2316,/players/a/adamewi01.shtml
2317,/players/f/fieldjo04.shtml
2318,/players/l/lowebr01.shtml
2319,/players/p/perezmi03.shtml
2320,/players/l/lowena01.shtml
2321,/players/b/brossmi01.shtml
2322,/players/t/tsutsyo01.shtml
2323,/players/o/ogradbr01.shtml
2324,/players/m/mcclash01.shtml
2325,/players/c/coxst01.shtml
2326,/players/m/martife01.shtml
2327,/players/r/rollsda01.shtml
2328,/players/s/sheetan01.shtml
2329,/players/s/sandbja01.shtml
2330,/players/s/smithbo06.shtml
2331,/players/d/dukesel01.shtml
2332,/players/g/guzmajo03.shtml
2333,/players/b/blancto01.shtml
2334,/players/z/zimmery01.shtml
2335,/players/w/watsobr01.shtml
2336,/players/h/harpebr02.shtml
2337,/players/f/floreje02.shtml
2338,/players/c/castoko01.shtml
2339,/players/m/marrech01.shtml
2340,/players/b/brownco01.shtml
2341,/players/k/koberje01.shtml
2342,/players/t/taylomi02.shtml
2343,/players/r/robincl01.shtml
2344,/players/t/turnetr01.shtml
2345,/players/d/difowi01.shtml
2346,/players/k/kiebosp01.shtml
2347,/players/s/scherma01.shtml
2348,/players/s/sanchad01.shtml
2349,/players/s/stevean01.shtml
2350,/players/s/sotoju01.shtml
2351,/players/r/roblevi01.shtml
2352,/players/k/kieboca01.shtml
2353,/players/n/nollja01.shtml
2354,/players/r/readra01.shtml
2355,/players/g/garcilu04.shtml
2356,/players/h/hernaya01.shtml
2357,/players/b/bergepe01.shtml
2358,/players/m/minorry01.shtml
2359,/players/k/knorrra01.shtml
2360,/players/j/joneste02.shtml
2361,/players/s/seguife01.shtml
2362,/players/c/calloro01.shtml
2363,/players/m/mateohe01.shtml
2364,/players/v/vitiejo01.shtml
2365,/players/h/hernali01.shtml
2366,/players/p/pascuva01.shtml
